date,close,volume,open,high,low
2/2/18,193.97,6040731,199.25,199.3,193.44
2/1/18,199.9,3552434,199.34,202.25,198.28
1/31/18,200.9,4534826,203.22,205.083,200.23
1/30/18,201.81,5979158,201.47,203.15,191.57
1/29/18,204.92,3605990,207.23,207.605,204.71
1/26/18,207.23,3766504,205.6,207.3098,204.44
1/25/18,205.37,3534053,206.8,206.83,203.84
1/24/18,206.22,4098027,205.2,207.1,204.551
1/23/18,204.9,3597942,204.89,206.35,204.151
1/22/18,204.46,4849101,201.6,204.47,201.51
1/19/18,201.33,5790981,199.81,201.33,199.13
1/18/18,198.33,4460343,199.78,200.24,197.66
1/17/18,199.82,3995270,197.5,199.82,196.8401
1/16/18,196.31,5661794,197.86,198.9496,195.7
1/12/18,196.42,6746001,195.5,199.42,194.82
1/11/18,194.68,3895340,191.68,194.73,191.4
1/10/18,191.8,3116355,192.76,193.216,191.65
1/9/18,193.1,3007972,192.7,193.47,191.64
1/8/18,192.04,3503481,191.72,193.72,191.6
1/5/18,192.5,4223343,190.93,192.54,190.51
1/4/18,190.51,4046966,189.87,190.87,188.47
1/3/18,189.01,4530010,188,189.36,187.819
1/2/18,188.03,4684064,190.21,190.72,188.0103
12/29/17,189.53,4637060,190.74,190.74,189.53
12/28/17,189.78,3175601,190.91,190.98,189.64
12/27/17,190.19,5910599,190.6,191.49,190.01
12/26/17,190.36,2963155,188.53,190.42,188.34
12/22/17,188.13,3256509,188.46,188.46,187.27
12/21/17,188.08,5855241,187.89,188.84,187.44
12/20/17,187.31,5382622,187,187.9024,186.035
12/19/17,185.98,4492044,185.24,186.72,184.6
12/18/17,184.73,5011569,183.5,185.47,183.5
12/15/17,182.58,8199590,182.99,183.21,182.13
12/14/17,182.13,3542577,183.59,184,182.06
12/13/17,183.03,5176163,182.01,183.67,182
12/12/17,181.8,5274612,182.75,183.21,181.66
12/11/17,182.25,5537858,182.9,182.96,181.1201
12/8/17,183.41,5091436,182.5,183.9,182.16
12/7/17,182,5484303,180.05,182.58,179.77
12/6/17,180.8,6887377,180.25,182.15,178.68
12/5/17,182.85,6341919,184.79,184.91,182.2589
12/4/17,184.9,6190213,183.19,186.31,183.19
12/1/17,180.42,4603856,180.32,180.6,176.7
11/30/17,179.82,9122675,178.07,180.67,177.41
11/29/17,177.25,4888706,176.57,178.43,175.68
11/28/17,176.57,6047956,174.89,176.77,172.9911
11/27/17,174.16,4539303,172.87,174.91,172.38
11/24/17,172.33,1853587,172.11,173.1,171.7425
11/22/17,172.06,4132396,172.89,172.94,172.04
11/21/17,172.86,6224148,170.53,172.86,170.15
11/20/17,170.45,4695428,168.14,170.69,167.8
11/17/17,167.74,4529905,167,168.43,166.06
11/16/17,167.5,4585029,166.68,167.76,166.06
11/15/17,165.47,5463931,167.44,167.44,165.35
11/14/17,168.06,10228430,163.62,168.14,163.15
11/13/17,165.35,7164810,164.64,166.64,164.25
11/10/17,164.11,3553230,163.34,164.58,162.93
11/9/17,163.27,3400652,164.1,164.135,162.28
11/8/17,164.05,2912855,163.34,164.68,163.27
11/7/17,163.66,3196618,164.09,164.4,162.83
11/6/17,164.22,3275119,164.8,164.88,163.01
11/3/17,164.39,3078360,163.01,164.99,162.68
11/2/17,162.71,6509043,165.01,165.01,160.53
11/1/17,165.38,3564119,166.42,166.74,165.12
10/31/17,165.78,2917745,165.4,166.34,165.1
10/30/17,165.31,3900110,166.99,166.99,164.88
10/27/17,167.34,3718103,166.8,167.75,166.46
10/26/17,167.65,3748052,166.39,167.94,166.1068
10/25/17,166.07,4189075,166.11,166.95,165.3803
10/24/17,166.03,3663003,164.67,166.46,164.65
10/23/17,164.74,3991776,164.04,166.265,163.75
10/20/17,163.43,4094945,163.97,164.15,162.74
10/19/17,163.24,2672517,163.5,164.11,162.77
10/18/17,163.45,2758010,163.42,164.24,163.35
10/17/17,163.35,4160953,164.22,164.92,161.5111
10/16/17,164.22,2585938,164.47,164.67,163.26
10/13/17,164.47,3252715,164.92,166.0699,164.35
10/12/17,164.59,3458664,165.41,165.41,164.47
10/11/17,165.25,2319111,165.19,165.865,164.45
10/10/17,165.16,2755375,165.7,165.8,164.64
10/9/17,165.71,2131437,166.14,166.63,165.42
10/6/17,165.85,2897309,166.18,166.63,165.74
10/5/17,166.12,3493807,165.07,166.25,164.26
10/4/17,165.29,2738444,165.49,166.08,164.91
10/3/17,165.17,3046204,164.06,165.28,164
10/2/17,164.02,2635440,164.2,164.25,163.22
9/29/17,163.56,3446121,162.5,163.61,162.15
9/28/17,162.36,4610947,160.72,162.45,160.66
9/27/17,160.92,3922540,161.38,161.69,160.14
9/26/17,161.26,3075068,161.55,162,160.79
9/25/17,161.1,4861448,160.05,161.43,159.75
9/22/17,159.97,3576063,159.14,160.09,159.01
9/21/17,159.19,2892233,158.87,159.556,158.72
9/20/17,158.68,4596396,157.57,159.39,157.36
9/19/17,157.66,3703710,157.8,158.32,157.16
9/18/17,157.81,4003948,159,159,157.69
9/15/17,158.4,9101430,159.98,159.99,158.29
9/14/17,159.38,5280860,160.35,160.85,159.33
9/13/17,160.02,4704553,160.39,161.38,159.55
9/12/17,159.91,5779997,159.06,160.93,158.71
9/11/17,158.37,8844733,158.42,158.74,156.22
9/8/17,159.66,10066800,159.09,160.69,157.52
9/7/17,157.93,8258520,158.17,159.28,156.79
9/6/17,156.56,8114018,154.86,157.03,154.145
9/5/17,152.93,7503747,151.71,153.92,151.7
9/1/17,150.78,3382461,150.26,150.94,149.76
8/31/17,149.87,6082108,150.61,150.925,149.85
8/30/17,150,3637619,150,150.25,149.28
8/29/17,149.84,5360757,150.07,150.9,149.03
8/28/17,151.39,6836305,151.94,152.39,150.43
8/25/17,149.65,3026011,148.51,150.53,148.4
8/24/17,148.25,3735054,149.73,150.6,147.98
8/23/17,149.1,5203150,148.58,149.48,147.4271
8/22/17,149.91,3267334,149.29,150.58,149.29
8/21/17,149.2,4210017,147.1,149.88,146.89
8/18/17,147.49,6845373,149.61,149.61,146.96
8/17/17,149.67,4368875,151.81,152.15,149.61
8/16/17,152.25,6040785,151.45,152.95,151.16
8/15/17,150.17,13508910,154.275,154.8,148.26
8/14/17,154.26,6642327,156.04,156.05,153.56
8/11/17,154.88,3645144,154.11,155.72,153.98
8/10/17,153.88,4423448,155.19,155.98,153.88
8/9/17,155.26,3842218,153.35,155.57,153.32
8/8/17,153.35,3196695,153.32,154.2,153.08
8/7/17,153.35,3832995,152.83,154.47,152.47
8/4/17,152.75,3256147,151.01,152.75,150.8
8/3/17,150.79,5146465,150.7,152.03,150.5
8/2/17,150.5,3753303,149.94,150.86,149.92
8/1/17,149.85,4097532,150.24,150.39,148.95
7/31/17,149.6,5251923,148,149.98,147.54
7/28/17,148.08,3421024,147.9,148.27,147.32
7/27/17,147.73,5393567,146.18,147.86,145.89
7/26/17,146.69,2835360,146.86,147.245,145.96
7/25/17,146.97,5001538,145.74,147.4,145.28
7/24/17,144.58,7294263,146.61,146.69,144.25
7/21/17,146.65,9114891,147.03,147.46,146.13
7/20/17,147.03,18242890,152.56,152.57,145.61
7/19/17,153.3,2805581,152.55,154,152.55
7/18/17,152.17,3775897,153.75,153.86,151.98
7/17/17,153.89,4160950,152.9,154.5,152.72
7/14/17,152.88,3567490,153.22,153.67,151.82
7/13/17,153.29,3251358,152.82,154.13,152.6
7/12/17,152.59,4275810,151.46,153.14,151.09
7/11/17,150.6,5639742,151.45,151.81,150.5
7/10/17,151.18,5034213,152.22,152.26,151
7/7/17,152.23,3668746,152.04,152.87,151.9
7/6/17,152.05,3404693,151.77,152.48,151.22
7/5/17,152.69,4432527,154.01,154.295,151.46
7/3/17,154.01,1658535,154.39,154.79,153.71
6/30/17,153.4,3637683,152.51,154,152.27
6/29/17,152.16,2852426,152.77,153,151.52
6/28/17,153.23,5079113,152.75,153.45,152.36
6/27/17,152.24,4566725,151.06,153.25,150.75
6/26/17,151.42,4126987,151.67,151.97,151.13
6/23/17,151.31,11418870,155.16,155.23,150.91
6/22/17,155.48,3347363,156.44,157.07,155.47
6/21/17,156.59,4070968,157.91,158.53,156.43
6/20/17,157.67,4201221,158.73,159.2242,157.6
6/19/17,158.81,5102382,156.91,159.03,156.39
6/16/17,156.64,9104773,156.25,156.69,155.41
6/15/17,156.77,3972080,156.13,157.27,154.92
6/14/17,156.76,5996462,154.5,157.28,153.96
6/13/17,153.99,3749009,152.31,154.04,152.06
6/12/17,152.18,4471076,152.8,153.3,151.73
6/9/17,152.96,4705272,154,154,152.78
6/8/17,153.5,4021411,155.16,155.2335,153.3801
6/7/17,154.96,3158039,154.69,155.3,154.35
6/6/17,154.2,3257777,154.44,154.66,153.65
6/5/17,154.79,2651771,155.53,155.62,154.23
6/2/17,155.35,3481327,154.79,155.86,154.42
6/1/17,155.15,3383273,153.52,155.16,152.74
5/31/17,153.51,7156354,154.36,154.38,153.28
5/30/17,153.88,3499883,154,154.56,153.52
5/26/17,154.9,4284054,156.1,156.42,154.64
5/25/17,156.46,3107260,156.2,156.69,155.35
5/24/17,155,4591646,154.7,155.43,153.29
5/23/17,154.83,4640232,155.91,156.43,154.68
5/22/17,155.96,3800638,156.49,157,155.8
5/19/17,156.3,4765200,156.04,156.74,155.32
5/18/17,155.7,4606463,155.48,156.665,155.24
5/17/17,156.09,5931589,157.08,157.3,155.89
5/16/17,158.26,10116830,160.11,160.86,158.05
5/15/17,157.33,5832878,157.28,157.84,156.66
5/12/17,156.92,2921187,156.39,157.2,155.75
5/11/17,156.2,3924715,157.35,157.7,155.33
5/10/17,158.13,2616863,157.52,158.15,157.3
5/9/17,157.68,3001521,157.04,157.74,156.29
5/8/17,156.89,3184532,155.85,157.16,155.49
5/5/17,155.73,2500236,155.34,155.75,154.09
5/4/17,154.86,3788653,155.46,155.64,154.26
5/3/17,155,2445354,155.16,155.39,154.59
5/2/17,154.95,3178579,154.49,155.16,153.76
5/1/17,154.21,3151165,156.22,156.27,154.21
4/28/17,156.1,4982778,156.01,156.25,154.102
4/27/17,156.12,5881207,154.69,156.27,153.89
4/26/17,154.22,5114867,153.11,154.8076,152.4
4/25/17,153.03,5495937,152.79,154.65,152.79
4/24/17,151.89,5076437,151.08,152.0601,150.85
4/21/17,150,5019344,148.49,150.146,148.4
4/20/17,148.72,3700070,147.66,149.05,147.44
4/19/17,147.22,3460973,147.93,148.4,147.02
4/18/17,147.76,2969308,147.06,148.18,146.77
4/17/17,147.31,3467600,145.9,147.31,145.76
4/13/17,145.91,2329537,146.42,147.01,145.87
4/12/17,146.54,4444996,147.42,147.57,146.367
4/11/17,148.2,2844788,147.91,148.65,147.1
4/10/17,148.21,5043053,146.96,148.995,146.75
4/7/17,147.13,2869103,147.1,147.8,146.9
4/6/17,147.24,2699646,147.04,147.96,147
4/5/17,146.64,3388961,146.63,148.44,146.58
4/4/17,146.34,3124198,146.5,146.9,146.05
4/3/17,146.62,3775271,146.94,147.2005,146.09
3/31/17,146.83,3248666,146.87,147.18,146.65
3/30/17,146.95,2450779,146.72,147.38,146.43
3/29/17,147.04,3729969,146.37,147.42,145.96
3/28/17,147.2,4635498,147.29,147.35,145.94
3/27/17,146.87,2943004,147.07,147.68,146.26
3/24/17,147.71,4735350,147.85,150.15,147.01
3/23/17,147.99,3219051,147.28,148.41,147.03
3/22/17,147.36,3166437,146.73,147.93,146.06
3/21/17,146.61,4523257,148.33,148.7,146.26
3/20/17,147.8,5905859,149.38,149.59,147.7
3/17/17,149.6,8994811,149.4,149.99,148.13
3/16/17,148.73,3542308,148.4,149.19,148.01
3/15/17,147.95,3669998,147.35,148.38,146.76
3/14/17,147.16,3272674,147.27,147.59,146.46
3/13/17,147.43,2814961,147.33,147.67,146.5
3/10/17,146.85,3122443,147.24,147.46,146.45
3/9/17,146.62,3594664,147.08,147.16,146.53
3/8/17,146.92,3611512,146.22,147.12,145.92
3/7/17,146.02,3995889,146.33,146.95,145.83
3/6/17,147.13,3994425,147.13,147.51,146.58
3/3/17,147.81,3413198,148.12,148.26,146.82
3/2/17,147.95,4046550,147.08,148.23,146.3886
3/1/17,146.68,6213340,146.72,147.6999,145.891
2/28/17,144.91,4211164,144.98,145.63,144.465
2/27/17,145.3,4381787,145.87,146.01,144.8
2/24/17,145.95,3511799,144.65,146.0799,144.65
2/23/17,144.71,4182642,146.11,146.33,144.51
2/22/17,145.25,5037239,145.05,145.47,143.97
2/21/17,145.02,9274546,145.6,145.65,143.25
2/17/17,143,5079322,141.36,143.12,141
2/16/17,141.54,4295367,142.39,142.985,140.9
2/15/17,142.19,4343492,141.27,142.66,140.95
2/14/17,141.36,4775120,139.95,141.365,139.34
2/13/17,139.87,2753063,140.48,140.65,139.05
2/10/17,139.85,3296663,138.6,140.57,138.245
2/9/17,138.71,2931853,137.78,139.15,137.41
2/8/17,137.88,2879047,136.89,137.91,136.82
2/7/17,136.65,3239015,137.16,137.7,136.33
2/6/17,136.49,3863055,137.43,137.9,136.45
2/3/17,137.98,2653721,137.26,138.47,136.97
2/2/17,136.95,2195067,137.47,137.55,136.56
2/1/17,137.44,2959601,137.66,137.96,136.53
1/31/17,137.58,3225224,137.63,138.615,136.85
1/30/17,138.47,2704897,137.99,138.49,136.86
1/27/17,138.33,3145823,138.8,138.83,137.7
1/26/17,138.46,2931349,138.01,139.18,137.71
1/25/17,137.48,3630775,138.45,139.37,137.43
1/24/17,138.06,4050949,137.88,138.38,137.3
1/23/17,138.07,7037949,135.31,138.27,135
1/20/17,135.6,4853602,135.26,136,134.6
1/19/17,135.39,5078525,136,136.78,134.93
1/18/17,136.16,3869676,135.9,136.295,134.92
1/17/17,135.93,3976936,135.09,136.48,134.76
1/13/17,135.04,3117699,134.92,135.75,134.76
1/12/17,135.07,3600179,135.51,135.53,133.94
1/11/17,135.7,4641181,136.1,136.385,134.74
1/10/17,136.1,5927979,134,136.38,133.77
1/9/17,134.31,4307454,133.22,134.76,133.14
1/6/17,133.53,3824085,133.97,134.33,133.05
1/5/17,133.9,3713445,134.98,135.46,133.7801
1/4/17,135.5,4050888,134.34,135.94,134.21
1/3/17,134.31,5300408,135.1,135.51,133.589
12/30/16,134.08,4149055,135.64,135.82,133.83
12/29/16,135.1,2777884,135.02,135.8499,134.63
12/28/16,135.07,3321745,135.57,135.86,134.66
12/27/16,135.26,2254679,134.76,135.72,134.71
12/23/16,135.05,2337535,135.65,135.99,134.79
12/22/16,135.43,4094479,136.25,137,135.18
12/21/16,136.83,2705503,136.93,137.24,136.56
12/20/16,137.11,4300362,135.65,137.24,135.43
12/19/16,135.44,3460703,135.06,136.5,134.79
12/16/16,135.11,9429092,136.11,136.61,135.05
12/15/16,135.84,5836283,136.51,137.325,135.77
12/14/16,135.98,7029182,136.05,136.88,135.75
12/13/16,136.54,6789804,134.55,136.89,134.55
12/12/16,134.58,6272158,133.13,134.66,133.13
12/9/16,133.39,5168987,132.51,133.4,131.1
12/8/16,132.53,4975117,132.21,133.13,131.58
12/7/16,132.46,6985607,128.75,133.06,128.75
12/6/16,128.74,4292431,130.13,130.14,128.6775
12/5/16,129.68,4064655,130.32,130.46,129.56
12/2/16,129.87,3735762,129.04,130.615,128.91
12/1/16,129.47,5398638,129.34,130.35,129
11/30/16,129.4,6972768,129.34,130.32,128.81
11/29/16,129.62,4122995,130.35,130.78,129.25
11/28/16,130.64,4743742,131.25,131.65,130.17
11/25/16,131.57,2545977,131.86,132.135,131.07
11/23/16,131.21,3606202,131.36,131.99,130.86
11/22/16,130.98,5521684,128.38,131.3,128.38
11/21/16,128.22,4064958,128.28,128.9,127.41
11/18/16,128.33,4426357,128.93,129.36,127.72
11/17/16,128.93,6746358,125.87,129.14,125.7
11/16/16,125.33,9771110,123.6,125.7,123.28
11/15/16,124.4,13426200,127.07,127.67,122.92
11/14/16,127.67,11424460,130.5,130.64,126.94
11/11/16,129.85,5491391,129.06,130.13,128.72
11/10/16,129.03,8722531,126.72,130.1,126.51
11/9/16,126.02,8040724,120.95,126.26,120.32
11/8/16,124.25,6095418,123.95,125.42,123.6
11/7/16,123.75,5497371,122.5,123.98,122.31
11/4/16,120.91,4605646,120.54,121.9,120.06
11/3/16,120.18,5113481,120.34,120.93,120.08
11/2/16,120.29,4841690,119.93,121.29,119.82
11/1/16,119.89,7470169,121.69,122.25,119.2
10/31/16,122.01,5671523,123.35,123.5,121.62
10/28/16,123.58,4494671,122.7,124.09,122.2065
10/27/16,122.26,4259349,122.71,123.46,121.85
10/26/16,122.71,5454156,122.83,123.75,122.4
10/25/16,123.34,8722838,126.27,126.27,123.29
10/24/16,127.78,3821029,127.23,128.14,127.23
10/21/16,126.6,3217777,125.31,126.8,125.25
10/20/16,126.25,3543223,125.95,127.08,125.57
10/19/16,125.89,4095509,125.76,126.09,124.51
10/18/16,125.74,3558670,126.15,126.25,125.15
10/17/16,125.14,3746397,126.18,126.8,124.88
10/14/16,126.42,4462032,126.9,127.56,126.42
10/13/16,126.29,3655714,126.25,126.66,125.173
10/12/16,126.69,3543326,125.85,127.16,125.71
10/11/16,125.85,5106792,126.85,127.08,125.46
10/10/16,127.25,4345486,128.45,128.94,127.25
10/7/16,128.31,5496050,129.83,130.41,127.88
10/6/16,130.19,7459861,126.87,130.45,126.43
10/5/16,127.58,4107731,128.32,129.03,127.52
10/4/16,128.2,4847942,128.53,129.92,127.95
10/3/16,128.5,3652558,128.2,128.82,127.97
9/30/16,128.68,5613636,127.87,129.24,127.63
9/29/16,127.93,5983384,128.5,130.74,127.91
9/28/16,128.27,5740245,127.21,128.53,127.06
9/27/16,126.82,4425322,125.8,126.99,125.36
9/26/16,125.45,5336764,127.1,127.23,125.35
9/23/16,127.79,4460674,128.63,129.2,127.79
9/22/16,128.75,4087011,128.82,129.65,128.72
9/21/16,128.11,5355120,127.52,128.59,126.55
9/20/16,126.83,3617675,126.86,127.33,126.33
9/19/16,126.29,4471088,126.68,127.37,126.17
9/16/16,126.11,6940052,127.02,127.02,125.7
9/15/16,126.96,5101532,125.97,127.635,125.71
9/14/16,126.26,4310707,125.61,126.945,125.565
9/13/16,125.72,6367837,127.74,128,125.43
9/12/16,128.59,7873960,126.5,128.855,126
9/9/16,127.74,6206859,130.64,130.89,127.73
9/8/16,131.26,5010447,131.55,132.94,131.12
9/7/16,132.79,4672325,133.3,133.87,132.16
9/6/16,134.1,4212692,134.96,135.72,133.8814
9/2/16,135.15,3398298,134.77,135.88,134.55
9/1/16,134.23,3850786,134.48,135.06,133.66
8/31/16,134.12,4650514,133.89,134.68,133.6
8/30/16,134.1,3440420,134.8,135.05,133.63
8/29/16,135.24,3224867,134.86,135.3,134.58
8/26/16,134.36,4193274,135.43,136.18,133.92
8/25/16,135.43,3166189,134.73,136.16,134.37
8/24/16,135.06,3440053,135.77,136.25,134.81
8/23/16,136.22,2957238,135.93,136.55,135.93
8/22/16,135.34,2752422,135.6,135.85,135.02
8/19/16,135.46,3781586,134.42,135.76,134.32
8/18/16,134.8,4427493,136.03,136.15,134.44
8/17/16,136.15,5222093,135.5,136.47,134.75
8/16/16,136.23,7279583,137.65,138.65,135.66
8/15/16,137.06,6314314,137.11,137.97,136.93
8/12/16,136.57,4084766,136,137.39,135.6321
8/11/16,137.04,4178521,136.31,137.5,135.17
8/10/16,135.6,3430829,136.3,136.89,135.06
8/9/16,136.11,3178123,136.27,137.09,135.34
8/8/16,136.21,3182731,136.91,137.401,136.16
8/5/16,136.91,3022069,137,137.74,136.6
8/4/16,136.05,3802914,135.79,137.2,135.46
8/3/16,137.06,3642633,137.13,137.22,135.7
8/2/16,137.22,3894119,138.91,139,136.82
8/1/16,138.77,3152357,138.06,138.94,137.85
7/29/16,138.24,3654720,137.46,138.72,137.44
7/28/16,137.96,3229764,136.19,138.12,136.105
7/27/16,136.31,3029514,137.01,137.69,135.96
7/26/16,136.75,2573470,136.5,137.51,136.06
7/25/16,136.5,3350046,136.55,136.85,136.15
7/22/16,136.52,2623831,136.41,136.64,135.96
7/21/16,136.07,4975106,136.76,137.14,135.47
7/20/16,137.41,3091800,137.4,137.45,136.77
7/19/16,136.98,3831522,136.07,137.05,135.56
7/18/16,136.34,3725067,135.46,136.48,134.81
7/15/16,134.78,5322753,135.12,135.59,134.65
7/14/16,134.54,3122408,134.4,134.79,133.83
7/13/16,133.56,4231548,134.84,135.2,133.1
7/12/16,134.84,3611575,135.24,135.99,134.3
7/11/16,135.15,4573713,134.83,135.88,134.45
7/8/16,134.34,4804926,132.33,134.36,132.25
7/7/16,131.16,3970509,131.25,132.18,130.56
7/6/16,131.57,4928617,129.2,131.61,129.03
7/5/16,129.35,4096529,129.6,130.48,128.503
7/1/16,129.62,5644825,128.29,130.23,128.12
6/30/16,127.69,6641690,127.27,127.86,126.1
6/29/16,127.37,5779461,127.9,128.47,126.9
6/28/16,127.53,5376423,125.89,127.53,125.6
6/27/16,124.67,5666524,125.34,125.75,123.62
6/24/16,126.4,8973798,126.1,127.8,125.5
6/23/16,128.29,4776172,128.98,129.1,127.45
6/22/16,127.6,3696351,127.69,128.97,127.4
6/21/16,127.74,3450827,127.96,128.3114,127.285
6/20/16,127.62,3880277,128.13,128.85,127.42
6/17/16,127.14,7536503,127.52,127.78,126.73
6/16/16,127.36,4431982,126.05,127.54,125.66
6/15/16,126.53,5130672,125.74,127.75,125.49
6/14/16,125.24,7295156,127.31,127.44,124.71
6/13/16,127.83,4822812,128.94,129.45,127.785
6/10/16,128.83,3925608,128.45,129.227,128.21
6/9/16,129.3,3450618,129.27,129.84,129.04
6/8/16,129.59,3742198,130.01,130.295,129.25
6/7/16,129.92,4433801,129.38,130.8,129.32
6/6/16,129.19,8050434,130.82,130.87,128.47
6/3/16,131.74,4155850,132.53,132.73,130.92
6/2/16,132.41,3855912,131.85,132.7,131.33
6/1/16,131.83,4734846,131.58,132.12,131.15
5/31/16,132.12,6363334,133.57,133.8,131.72
5/27/16,133.94,4025265,134.07,134.9,133.38
5/26/16,134.05,3996603,133.13,134.36,132.86
5/25/16,133.2,5017466,133.46,134.52,133.05
5/24/16,133.36,5175604,132.18,133.8701,132.05
5/23/16,131.42,3850053,131.84,132.48,131.3
5/20/16,131.85,5086326,131.89,133.06,131.748
5/19/16,131.73,4573626,131.45,132.13,130.78
5/18/16,131.77,8257902,131.03,132.7701,130.02
5/17/16,132,15976960,133.15,134.49,131.1
5/16/16,135.34,8362497,133.84,136.55,133.08
5/13/16,133.13,5292527,133.81,135.33,133.03
5/12/16,134.19,5354803,135,135,133.1
5/11/16,134.3,6054211,136.8,137.05,134.04
5/10/16,137.51,3657542,136.32,137.82,136.3
5/9/16,136.24,3551818,135.59,136.47,135.24
5/6/16,135.7,3356811,134.48,135.81,134.311
5/5/16,134.67,3473997,134.87,135.37,133.75
5/4/16,135.16,3191787,133.59,135.4,133.13
5/3/16,134.54,3408398,135.45,135.8399,134.04
5/2/16,136.05,4281203,134.37,136.25,134.31
4/29/16,133.89,4605351,132.71,134.3,131.75
4/28/16,132.73,5551465,134.81,135.44,132.49
4/27/16,135.75,3487448,135.37,136.28,134.765
4/26/16,135.34,3498972,135.09,136.24,134.88
4/25/16,135.65,2831398,135.18,135.7299,134.28
4/22/16,135.66,4180110,134.85,135.68,133.41
4/21/16,134.6,3541740,135.23,135.49,134.39
4/20/16,135.19,4755103,135.75,136.08,134.48
4/19/16,135.44,4649461,136.8,137,134.85
4/18/16,136.8,3964553,134.81,136.8,134.74
4/15/16,135.01,3508644,134.41,135.275,133.97
4/14/16,134.37,4183198,133.5,134.7125,132.88
4/13/16,133.84,4321897,134.86,134.86,133.22
4/12/16,134.38,4230752,133.3,134.72,133.11
4/11/16,133.01,3472649,133.58,135.08,132.96
4/8/16,133.62,2924397,134.62,134.62,133.06
4/7/16,133.87,3950135,134.73,135.24,133.12
4/6/16,135.44,3365521,134.25,135.7401,133.82
4/5/16,134.58,4068495,134.2,135.7,133.9
4/4/16,134.85,3547634,136.07,136.23,134.35
4/1/16,134.85,4257861,133.1,135.2,133.1
3/31/16,133.43,3685242,133.56,134.29,133
3/30/16,133.42,3138015,133.11,133.929,132.84
3/29/16,132.47,3404933,131,132.9,130.71
3/28/16,131.08,2621141,130.6,131.81,130.49
3/24/16,130.46,3449191,129.54,130.76,129.46
3/23/16,130.22,3625009,130.59,131.18,129.95
3/22/16,130.59,3946425,130.61,131.22,129.92
3/21/16,131.01,3816754,131.53,132.13,130.27
3/18/16,131.35,7965521,131.14,132.09,130.83
3/17/16,130.88,4130995,130.1,131.19,129.32
3/16/16,130.45,3606859,129.63,131.11,128.81
3/15/16,129.71,4034069,128.78,130.48,128.62
3/14/16,128.84,3622438,128.43,129.66,128.1
3/11/16,128.46,4625828,126.97,128.76,126.73
3/10/16,125.89,4502357,126.2,127,124.31
3/9/16,126.03,4046826,127.03,127.52,125.33
3/8/16,126.72,5280716,125.22,128.2,125
3/7/16,126.17,4161141,125.01,126.54,125.01
3/4/16,125.56,6447969,127.37,127.498,125.16
3/3/16,126.8,5008867,125.2,127.26,124.78
3/2/16,125.59,3956576,125.48,125.87,124.46
3/1/16,125.7,4900217,124.78,125.97,123.98
2/29/16,124.12,5567652,126.26,126.99,124.05
2/26/16,126.26,4607040,127.59,127.75,125.93
2/25/16,126.86,4736776,125.76,126.86,124.891
2/24/16,125.61,7930050,124.05,125.78,122.92
2/23/16,124.53,11163390,127,127.19,123.35
2/22/16,122.85,7788629,123,124.47,122.13
2/19/16,121.69,5413687,119.82,121.7,118.75
2/18/16,119.97,4457648,120.93,121.11,119.56
2/17/16,121.21,5970653,120.45,121.68,119.87
2/16/16,119.43,6958112,118.12,120,117.7
2/12/16,116.32,5358787,114.88,116.43,113.52
2/11/16,113.27,6443496,113.08,114.19,112.22
2/10/16,114.33,5304582,114.5,116.16,114.0526
2/9/16,113.86,7572410,110.94,115.29,110.68
2/8/16,111.85,11284990,114.93,115.965,109.62
2/5/16,116.43,8115192,120.89,121,115.69
2/4/16,121.11,9171639,123.65,123.9,119.45
2/3/16,123.79,7482854,126.02,126.16,121.54
2/2/16,125.27,5830704,125.41,126.43,124.71
2/1/16,126.51,4616858,124.92,127.09,123.99
1/29/16,125.76,7616144,123.17,125.76,122.75
1/28/16,122.28,4868943,121.97,122.69,120.31
1/27/16,121.57,5407642,122.46,124.32,120.86
1/26/16,122.2,4469344,121.73,122.45,120.64
1/25/16,121.71,4848860,123.38,123.85,121.56
1/22/16,122.76,6553875,121.64,124.67,121.58
1/21/16,120.22,8992723,117.38,121.94,117.14
1/20/16,116.46,11329730,117.89,118.66,113.5865
1/19/16,119.76,6343204,120.54,121.89,118.8
1/15/16,119.23,10514790,117.12,121.15,116.1
1/14/16,119.62,13380210,121.29,121.515,118.2
1/13/16,121.4,8915501,127.47,127.47,120.97
1/12/16,127.49,5686249,126.78,128.8,125.83
1/11/16,125.78,6784380,124.87,126.08,124.09
1/8/16,123.9,7094629,126.44,126.53,123.5
1/7/16,125.4,12542370,126.93,127.88,124.7
1/6/16,129.08,8198704,129,129.9,128.56
1/5/16,130.43,5316011,131.15,131.94,130.05
1/4/16,131.07,8046245,130.11,131.07,129.45
12/31/15,132.25,3178722,133.08,133.5684,132.24
12/30/15,133.35,2484809,133.58,134.06,133.28
12/29/15,133.7,3037199,133.37,134.3299,133.276
12/28/15,132.68,2607218,132.25,132.9,131.89
12/24/15,132.9,1517075,132.8,133.48,132.66
12/23/15,133.11,3240828,132.49,133.34,131.88
12/22/15,131.88,3398101,131.37,132.2815,130.46
12/21/15,131.31,3409668,131,131.61,130.18
12/18/15,130.29,9807483,130.73,131.31,130.015
12/17/15,131.35,4342642,133.06,133.54,130.995
12/16/15,132.9,4707901,132.17,133.28,130.36
12/15/15,131.29,4921673,132.62,133.49,131.19
12/14/15,132.01,5954492,131.09,132.1255,130.71
12/11/15,130.44,5300539,131.09,132.19,130.31
12/10/15,132.54,4186201,131.96,133.59,131.8
12/9/15,131.9,5054959,133.21,134.78,131.51
12/8/15,133.84,4731195,132.71,134.56,132.41
12/7/15,133.93,5443157,134,134.79,133.1896
12/4/15,134.53,5386788,131.55,134.8299,131.35
12/3/15,130.93,6687458,133.52,134.12,130.8
12/2/15,133.81,5021711,134.56,134.65,133.57
12/1/15,134.43,5267125,133.52,134.63,133.26
11/30/15,133.88,7922742,135.2,135.32,133.01
11/27/15,134.74,3337790,134.81,135.47,134.53
11/25/15,134.65,5299413,133.69,135.24,133.55
11/24/15,133.6,6670001,131.93,133.93,131.74
11/23/15,132.5,6328626,130.21,132.64,130.21
11/20/15,130.21,8187484,127.36,130.21,127.09
11/19/15,126.86,4658096,126.53,127.62,125.95
11/18/15,126.54,6489105,126.44,126.73,124.66
11/17/15,126.18,10508290,124.86,126.34,123.1
11/16/15,120.84,7769342,120.05,121.03,118.61
11/13/15,120,8718716,123.1,123.25,119.9
11/12/15,123.81,4282942,124.18,124.97,123.06
11/11/15,124.71,3247436,125.43,125.43,124.52
11/10/15,125.26,3872569,124.49,125.41,124.04
11/9/15,124.5,4988613,125.8,126.12,123.71
11/6/15,125.98,3751456,125.27,126.1092,124.82
11/5/15,125.72,3080925,125.46,126.008,124.95
11/4/15,125.38,4101588,125.48,125.87,124.62
11/3/15,125.66,4313696,124.23,126.04,123.81
11/2/15,124.41,3715524,124.24,124.64,123.38
10/30/15,123.64,4991511,123.27,124.75,123.27
10/29/15,123.63,4635293,123.42,124.07,122.75
10/28/15,123.82,6821538,124.38,124.59,122.22
10/27/15,124.47,3674795,124.51,125.09,123.82
10/26/15,125.01,4550013,124.55,125.66,124.02
10/23/15,124.61,5278729,125.01,125.75,122.97
10/22/15,124.36,5854207,123.9,124.48,122.88
10/21/15,123.3,3491996,123.29,124.02,122.75
10/20/15,122.85,3318157,122.89,123.17,122.35
10/19/15,123.1,3096601,122.61,123.2,122.2
10/16/15,122.74,4064197,121.63,122.82,121.63
10/15/15,121.81,3444075,120.62,122.03,120.4
10/14/15,120.27,5200401,121.33,121.88,119.56
10/13/15,121.61,2968903,121.77,122.29,121.14
10/12/15,121.9,2861888,121.49,122.45,121
10/9/15,121.33,3893261,121.27,121.5,120.47
10/8/15,121.06,4954066,119.31,121.23,119.15
10/7/15,119.65,4810650,119.2,119.84,118.49
10/6/15,118.68,5272348,119.1,119.2,117.97
10/5/15,119.2,4528383,118.75,119.29,117.91
10/2/15,117.81,4359213,115.56,117.9,114.71
10/1/15,117.03,5208609,116.23,117.13,114.74
9/30/15,115.49,5389841,114.37,115.63,114
9/29/15,112.91,7904719,114.21,114.93,111.8
9/28/15,114.1,5990974,116.53,117.38,113.85
9/25/15,116.74,5477767,117.23,118.165,116.04
9/24/15,116.34,5169510,115.34,116.65,114.8401
9/23/15,116.17,4084807,115.85,116.55,115.66
9/22/15,115.8,4629943,115.4,116.39,114.89
9/21/15,116.58,5201539,115.96,117.11,115.27
9/18/15,115.12,11364370,116.51,117.2,114.98
9/17/15,117.91,6547673,118.33,119.82,117.271
9/16/15,117.82,5282176,116.08,118.025,115.97
9/15/15,116.18,4991266,114.78,116.63,113.9
9/14/15,114.73,4247741,115.5,115.68,114.415
9/11/15,115.44,4472436,113.97,115.46,113.7
9/10/15,114.49,5253580,114,115.41,113.69
9/9/15,113.97,5286652,117.11,117.47,113.7
9/8/15,116.43,5775492,115.69,116.64,114.73
9/4/15,114.42,5748848,114.68,115.69,113.49
9/3/15,116.6,5290782,117.03,118.08,116.18
9/2/15,116.48,6486188,114.83,116.48,114.32
9/1/15,113.07,7388487,113.99,114.75,112.56
8/31/15,116.46,5443965,117.01,117.49,115.93
8/28/15,117.52,5015891,117.43,118.46,116.92
8/27/15,117.66,7569258,117.5,118.09,115.33
8/26/15,115.93,9309031,114.06,116.03,112.08
8/25/15,110.97,10211810,117,117,110.89
8/24/15,112.54,13981320,110.05,115.88,92.1685
8/21/15,116.16,10180150,119.54,120.36,116.15
8/20/15,120.54,5554262,121.98,122.53,120.54
8/19/15,122.76,6487106,122.67,123.79,122.13
8/18/15,122.8,11020570,121.83,123.8,121.15
8/17/15,119.7,7236355,119.1,120.75,118.73
8/14/15,119.75,5133922,119.3,119.89,118.46
8/13/15,119.02,6255309,118,120.14,117.79
8/12/15,117.69,4619961,117.13,117.88,115.7
8/11/15,117.69,4080003,117.02,118.14,116.76
8/10/15,117.6,3408870,117.53,118.34,117.36
8/7/15,116.93,3985469,116.7,117.16,115.78
8/6/15,116.56,4768769,118.39,118.5,116.07
8/5/15,118,4299026,118.38,118.53,117.1001
8/4/15,117.53,3005356,116.63,117.82,116.25
8/3/15,116.89,3645105,117.62,117.7,116.16
7/31/15,117.03,4301048,116.98,118.13,116.37
7/30/15,116.46,3290936,115.94,116.74,115.345
7/29/15,116.37,5100276,115.16,116.76,115.11
7/28/15,114.84,4176783,113.76,115.03,113.18
7/27/15,113.07,4465267,113.37,113.89,112.71
7/24/15,113.59,4427420,114.74,115.23,113.43
7/23/15,114.59,4308850,115.21,116.11,114.43
7/22/15,114.9,5483043,113.96,115.08,113.8
7/21/15,113.86,4658165,113.41,113.97,112.678
7/20/15,113.41,6107437,112.25,114.1095,112.17
7/17/15,114.47,5497466,114.49,115,114
7/16/15,114.73,5234624,115.87,115.91,113.83
7/15/15,115.58,3365021,115.42,116.15,115.07
7/14/15,115.36,3688831,114.5,115.53,114.39
7/13/15,114.9,4168032,114.21,115.02,114.0655
7/10/15,113.1,4631403,112.67,113.48,112.09
7/9/15,111.38,3642461,112.32,112.59,111.2
7/8/15,111,3793965,111.72,112.46,110.8
7/7/15,112.4,5515747,111.72,112.6399,110.7
7/6/15,111.32,3864564,110.27,111.93,110.17
7/2/15,111.49,3845043,112.58,112.75,111.1
7/1/15,112.07,4213677,112.45,112.81,111.47
6/30/15,111.13,5938639,111.15,111.76,110.59
6/29/15,110.54,5185549,111.56,112.32,110.46
6/26/15,112.6,4169908,112.77,113.34,112.23
6/25/15,112.24,4466982,113.24,113.71,112.24
6/24/15,112.35,3716056,112.94,113.68,112.35
6/23/15,113.18,3075714,113.24,113.59,112.93
6/22/15,113.07,3190171,112.93,113.62,112.78
6/19/15,112.43,9198689,111.64,113.3,111.44
6/18/15,111.85,7222290,111.06,112.3,110.76
6/17/15,110.47,5722044,110.73,111.29,109.96
6/16/15,110.23,3466508,109.9,110.45,109.75
6/15/15,110.01,3965003,110.23,110.455,109.55
6/12/15,110.6,4301814,110.89,111.59,110.415
6/11/15,111.29,3642764,111,112.33,111
6/10/15,110.98,3967821,109.9,111.19,109.39
6/9/15,109.53,3658009,109.79,110.25,109.03
6/8/15,109.93,3449460,110.14,110.81,109.83
6/5/15,110.37,4504835,111.34,111.36,110.27
6/4/15,111.46,4328286,112.52,113.16,111.1745
6/3/15,113.16,6337495,111.72,113.48,111.45
6/2/15,111.59,6088000,110.75,112.18,110.64
6/1/15,111.67,5114792,111.97,112.34,111.25
5/29/15,111.42,5308473,111.84,112.59,111.37
5/28/15,112.19,2805141,111.91,112.7,111.86
5/27/15,112.16,4147590,111.04,112.53,110.81
5/26/15,110.93,4609606,112,112.18,110.69
5/22/15,112.16,3693382,111.87,112.53,111.46
5/21/15,112.01,4237562,111.98,112.3299,111.62
5/20/15,112.1,7003181,112.19,112.89,111.22
5/19/15,112.34,11129240,116.12,116.48,112.34
5/18/15,114.33,6849372,113.87,114.6,113.16
5/15/15,113.35,4565344,111.92,113.4,111.82
5/14/15,111.94,3815483,112.05,112.22,110.83
5/13/15,111.19,4340551,112.92,112.95,111.1
5/12/15,112.52,4051081,111.12,112.82,110.83
5/11/15,111.9,3724195,112.24,112.91,111.81
5/8/15,112.47,6435206,112.4,113.4825,112.11
5/7/15,110.04,5399920,108.4,110.7199,108.25
5/6/15,108.31,3996633,108.2,108.91,107.2401
5/5/15,108.06,4164181,109.2,109.88,107.98
5/4/15,110.06,3366614,109.94,110.4497,109.32
5/1/15,109.55,6696297,106.98,109.79,106.85
4/30/15,106.98,9036894,108.56,109.21,106.62
4/29/15,108.71,7230859,110.17,110.31,108.07
4/28/15,110.58,5743170,110.9,111.77,110.05
4/27/15,111.39,5617188,114.05,114.11,111.28
4/24/15,113.7,2879114,113.88,114.04,112.9
4/23/15,113.96,3945180,112.74,114.51,112.56
4/22/15,112.99,4065277,113.2,113.31,112.19
4/21/15,113.17,3899593,113.5,113.98,112.5
4/20/15,112.86,4396662,113,113.69,112.68
4/17/15,112.1,6243558,112.91,113.11,111.7701
4/16/15,113.37,4012490,113.34,113.99,113.02
4/15/15,113.45,4210840,114.58,115.21,113.38
4/14/15,114.05,4072426,114.2,114.98,113.11
4/13/15,114.44,2981806,114.96,115.43,114.35
4/10/15,115.24,3658058,114.47,115.65,114.42
4/9/15,114.57,4673830,115.46,116.2446,114.14
4/8/15,115.59,3750565,113.97,115.81,113.83
4/7/15,114.3,3189099,114.83,115.79,114.23
4/6/15,114.95,3249993,113.45,115.55,113.41
4/2/15,114.54,4064897,112.61,114.92,112.52
4/1/15,113.13,4737287,113.88,114,112.43
3/31/15,113.61,4126894,113.7,115.37,113.55
3/30/15,114.63,3965423,114.96,116.05,114.53
3/27/15,113.86,3878710,112.08,114.23,112
3/26/15,112.37,5406583,113.36,113.43,111.58
3/25/15,113.68,4724133,115.96,116.61,113.64
3/24/15,116.15,4018886,116.2,117.83,116.04
3/23/15,116.07,4094326,117.04,117.75,116.07
3/20/15,117.49,8442616,115.55,117.99,115.33
3/19/15,115.16,3538400,116.21,116.43,115.07
3/18/15,116.08,4773212,115.41,116.42,113.3101
3/17/15,115.58,3715820,115.45,116.0799,115.14
3/16/15,116.5,4818109,115.33,116.61,115.32
3/13/15,114.82,4626684,115.99,116.31,114
3/12/15,116.1,5741665,113.85,116.46,113.77
3/11/15,113.07,4356487,112.68,113.8,112.41
3/10/15,112.56,5684508,113.85,114.34,112.56
3/9/15,115.25,5350753,114.38,115.48,114.37
3/6/15,114.45,5168453,115.96,115.96,114
3/5/15,115.91,4088931,115.23,116.098,115.06
3/4/15,114.76,3798585,115.39,115.47,114.25
3/3/15,116.07,3781749,116.11,116.12,114.8
3/2/15,116.12,5971673,114.86,117.06,114.86
2/27/15,114.75,5729326,115.19,115.67,114.555
2/26/15,115.38,5649527,116,116.42,115.2
2/25/15,116.31,7327196,117.35,117.35,115.85
2/24/15,116.75,12768260,117.5,117.92,115.13
2/23/15,112.28,5620773,112.99,113.16,111.8
2/20/15,112.24,7266499,110.81,112.25,110.05
2/19/15,110.94,5910566,112.01,112.447,110.635
2/18/15,111.99,3731011,111.6,112.17,111
2/17/15,112,6029620,111.69,112.225,110.62
2/13/15,111.89,5099168,112.01,112.39,111.3
2/12/15,112.16,4589899,110.81,112.2,110.21
2/11/15,110.31,4553751,110.6,110.798,109.81
2/10/15,110.67,5254372,108.79,110.85,108.66
2/9/15,108.34,3943688,108.88,109.46,108.04
2/6/15,109.04,4223512,109.28,109.74,108.46
2/5/15,108.99,4471776,108.98,109.34,108.15
2/4/15,108.41,6765342,107.09,109,106.75
2/3/15,107.24,5969710,104.89,107.32,104.81
